person,state,district,vote,name,party,matched-name,twitter-handle,matched-state,matched-party
400004,AL,4,Yea,Rep. Robert Aderholt [R],Republican,"Aderholt, Robert",robert_aderholt,AL,R
400030,GA,2,Nay,Rep. Sanford Bishop [D],Democrat,"Bishop Jr., Sanford ",sanfordbishop,GA,D
400033,OR,3,Nay,Rep. Earl Blumenauer [D],Democrat,"Blumenauer, Earl",repblumenauer,OR,D
400052,TX,26,Yea,Rep. Michael Burgess [R],Republican,"Burgess, Michael",michaelcburgess,TX,R
400057,CA,41,Yea,Rep. Ken Calvert [R],Republican,"Calvert, Ken",kencalvert,CA,R
400068,TX,31,Yea,Rep. John R. Carter [R],Republican,"Carter, John",judgecarter,TX,R
400069,HI,1,Nay,Rep. Ed Case [D],Democrat,"Case, Ed",repedcase,HI,D
400075,SC,6,Nay,Rep. James “Jim” Clyburn [D],Democrat,,,,
400077,OK,4,Yea,Rep. Tom Cole [R],Republican,"Cole, Tom",tomcoleok04,OK,R
400093,IL,7,Nay,Rep. Danny Davis [D],Democrat,Danny Davis D-IL,repdannydavis,IL,D
400101,CO,1,Nay,Rep. Diana DeGette [D],Democrat,"DeGette, Diana",repdianadegette,CO,D
400103,CT,3,Nay,Rep. Rosa DeLauro [D],Democrat,"DeLauro, Rosa ",rosadelauro,CT,D
400108,FL,26,Yea,Rep. Mario Diaz-Balart [R],Republican,"Diaz-Balart, Mario",mariodb,FL,R
400111,TX,37,Nay,Rep. Lloyd Doggett [D],Democrat,"Doggett, Lloyd",replloyddoggett,TX,D
400124,CA,16,Nay,Rep. Anna Eshoo [D],Democrat,Anna Eshoo D-CA,repannaeshoo,CA,D
400157,TX,12,Not Voting,Rep. Kay Granger [R],Republican,"Granger, Kay",repkaygranger,TX,R
400158,MO,6,Yea,Rep. Sam Graves [R],Republican,"Graves, Sam",repsamgraves,MO,R
400162,AZ,7,Not Voting,Rep. Raúl Grijalva [D],Democrat,"Grijalva, Raul",repraulgrijalva,AZ,D
400189,MD,5,Nay,Rep. Steny Hoyer [D],Democrat,"Hoyer, Steny",repstenyhoyer,MD,D
400196,CA,48,Yea,Rep. Darrell Issa [R],Republican,"Issa, Darrell",repdarrellissa,CA,R
400199,TX,18,Not Voting,"Rep. Sheila Jackson Lee [D, 1995-2024]",Democrat,"Jackson Lee, Sheila",jacksonleetx18,TX,D
400211,OH,9,Nay,Rep. Marcy Kaptur [D],Democrat,"Kaptur, Marcy",repmarcykaptur,OH,D
400232,WA,2,Nay,Rep. Rick Larsen [D],Democrat,"Larsen, Rick",repricklarsen,WA,D
400233,CT,1,Nay,Rep. John Larson [D],Democrat,John Larson D-CT,repjohnlarson,CT,D
400237,CA,12,Nay,Rep. Barbara Lee [D],Democrat,Barbara Lee D-CA,repbarbaralee,CA,D
400245,CA,18,Nay,Rep. Zoe Lofgren [D],Democrat,"Lofgren, Zoe",repzoelofgren,CA,D
400247,OK,3,Yea,Rep. Frank Lucas [R],Republican,Frank Lucas R-OK,repfranklucas,OK,R
400249,MA,8,Nay,Rep. Stephen Lynch [D],Democrat,"Lynch, Stephen ",repstephenlynch,MA,D
400259,MN,4,Nay,Rep. Betty McCollum [D],Democrat,"McCollum, Betty",bettymccollum04,MN,D
400263,MA,2,Nay,Rep. James “Jim” McGovern [D],Democrat,Jim McGovern D-MA,repmcgovern,MA,D
400271,NY,5,Nay,Rep. Gregory Meeks [D],Democrat,Gregory Meeks D-NY,repgregorymeeks,NY,D
400289,NY,12,Nay,Rep. Jerrold Nadler [D],Democrat,Jerry Nadler D-NY,repjerrynadler,NY,D
400290,CA,31,Nay,Rep. Grace Napolitano [D],Democrat,"Napolitano, Grace",gracenapolitano,CA,D
400291,MA,1,Nay,Rep. Richard Neal [D],Democrat,"Neal, Richard ",reprichardneal,MA,D
400308,NJ,6,Nay,Rep. Frank Pallone [D],Democrat,"Pallone Jr., Frank",frankpallone,NJ,D
400309,NJ,9,Nay,"Rep. Bill Pascrell [D, 2013-2024]",Democrat,"Pascrell Jr., Bill",billpascrell,NJ,D
400314,CA,11,Nay,Rep. Nancy Pelosi [D],Democrat,Nancy Pelosi D-CA,speakerpelosi,CA,D
400340,KY,5,Yea,Rep. Harold “Hal” Rogers [R],Republican,Hal Rogers R-KY,rephalrogers,KY,R
400341,AL,3,Not Voting,Rep. Mike Rogers [R],Republican,Mike Rogers R-AL,repmikerogersal,AL,R
400349,MD,2,Nay,Rep. A. Dutch Ruppersberger [D],Democrat,"Ruppersberger, C. A. Dutch",call_me_dutch,MD,D
400355,CA,38,Nay,Rep. Linda Sánchez [D],Democrat,"Sánchez, Linda",replindasanchez,CA,D
400360,IL,9,Nay,Rep. Janice “Jan” Schakowsky [D],Democrat,Jan Schakowsky D-IL,repschakowsky,IL,D
400361,CA,30,Nay,Rep. Adam Schiff [D],Democrat,Adam Schiff D-CA,repadamschiff,CA,D
400363,GA,13,Nay,Rep. David Scott [D],Democrat,David Scott D-GA,repdavidscott,GA,D
400364,VA,3,Nay,Rep. Robert “Bobby” Scott [D],Democrat,"Scott, Bobby",bobbyscott,VA,D
400367,TX,17,Yea,Rep. Pete Sessions [R],Republican,"Sessions, Pete",petesessions,TX,R
400371,CA,32,Nay,Rep. Brad Sherman [D],Democrat,"Sherman, Brad",bradsherman,CA,D
400376,ID,2,Yea,Rep. Michael “Mike” Simpson [R],Republican,"Simpson, Mike",congmikesimpson,ID,R
400379,WA,9,Nay,Rep. Adam Smith [D],Democrat,Adam Smith D-WA,repadamsmith,WA,D
400380,NJ,4,Yea,Rep. Christopher “Chris” Smith [R],Republican,Chris Smith R-NJ,repchrissmith,NJ,R
400402,MS,2,Nay,Rep. Bennie Thompson [D],Democrat,"Thompson, Bennie ",benniegthompson,MS,D
400403,CA,4,Nay,Rep. Mike Thompson [D],Democrat,Mike Thompson D-CA,repthompson,CA,D
400411,OH,10,Yea,Rep. Michael Turner [R],Republican,Mike Turner R-OH,repmiketurner,OH,R
400416,NY,7,Nay,Rep. Nydia Velázquez [D],Democrat,"Velázquez, Nydia ",nydiavelazquez,NY,D
400422,CA,43,Nay,Rep. Maxine Waters [D],Democrat,Maxine Waters D-CA,repmaxinewaters,CA,D
400433,SC,2,Yea,Rep. Joe Wilson [R],Republican,Joe Wilson R-SC,repjoewilson,SC,R
400618,CA,21,Nay,Rep. Jim Costa [D],Democrat,"Costa, Jim",repjimcosta,CA,D
400623,FL,25,Nay,Rep. Debbie Wasserman Schultz [D],Democrat,Debbie Wasserman Schultz D-FL,repdwstweets,FL,D
400639,MO,5,Nay,Rep. Emanuel Cleaver [D],Democrat,"Cleaver, Emanuel",repcleaver,MO,D
400643,NC,5,Yea,Rep. Virginia Foxx [R],Republican,"Foxx, Virginia",virginiafoxx,NC,R
400644,NC,10,Yea,Rep. Patrick McHenry [R],Republican,"McHenry, Patrick ",patrickmchenry,NC,R
400653,TX,9,Nay,Rep. Al Green [D],Democrat,Al Green D-TX,repalgreen,TX,D
400654,TX,10,Yea,Rep. Michael McCaul [R],Republican,"McCaul, Michael ",repmccaul,TX,R
400657,TX,28,Nay,Rep. Henry Cuellar [D],Democrat,"Cuellar, Henry",repcuellar,TX,D
400659,WA,5,Yea,Rep. Cathy Anne McMorris Rodgers [R],Republican,"Rodgers, Cathy McMorris",cathymcmorris,WA,R
400661,WI,4,Not Voting,Rep. Gwen Moore [D],Democrat,Gwen Moore D-WI,repgwenmoore,WI,D
400663,CA,7,Nay,Rep. Doris Matsui [D],Democrat,"Matsui, Doris ",dorismatsui,CA,D
407672,MD,7,Nay,Rep. Kweisi Mfume [D],Democrat,"Mfume, Kweisi",repkweisimfume,MD,D
412191,CO,5,Yea,Rep. Doug Lamborn [R],Republican,Doug Lamborn R-CO,repdlamborn,CO,R
412193,CT,2,Nay,Rep. Joe Courtney [D],Democrat,"Courtney, Joe",repjoecourtney,CT,D
412195,FL,14,Nay,Rep. Kathy Castor [D],Democrat,"Castor, Kathy",usrepkcastor,FL,D
412196,FL,16,Yea,Rep. Vern Buchanan [R],Republican,"Buchanan, Vern",vernbuchanan,FL,R
412199,GA,4,Nay,Rep. Henry C. “Hank” Johnson [D],Democrat,"Johnson, Henry C. ""Hank"" Jr.",rephankjohnson,GA,D
412212,MD,3,Nay,Rep. John Sarbanes [D],Democrat,John Sarbanes D-MD,repsarbanes,MD,D
412213,MI,5,Yea,Rep. Tim Walberg [R],Republican,Tim Walberg R-MI,repwalberg,MI,R
412217,NE,3,Yea,Rep. Adrian Smith [R],Republican,Adrian Smith R-NE,repadriansmith,NE,R
412221,NY,9,Nay,Rep. Yvette Clarke [D],Democrat,"Clarke, Yvette ",repyvetteclarke,NY,D
412226,OH,4,Yea,Rep. Jim Jordan [R],Republican,"Jordan, Jim",jim_jordan,OH,R
412236,TN,9,Nay,Rep. Steve Cohen [D],Democrat,"Cohen, Steve",repcohen,TN,D
412250,FL,12,Yea,Rep. Gus Bilirakis [R],Republican,"Bilirakis, Gus ",repgusbilirakis,FL,R
412255,VA,1,Yea,Rep. Robert Wittman [R],Republican,"Wittman, Robert ",robwittman,VA,R
412256,OH,5,Yea,Rep. Robert Latta [R],Republican,"Latta, Robert ",boblatta,OH,R
412257,IL,11,Nay,Rep. Bill Foster [D],Democrat,Bill Foster D-IL,repbillfoster,IL,D
412258,IN,7,Nay,Rep. André Carson [D],Democrat,Andre Carson D-IN,repandrecarson,IN,D
412261,LA,1,Yea,Rep. Steve Scalise [R],Republican,"Scalise, Steve",stevescalise,LA,R
412272,VA,11,Nay,Rep. Gerald Connolly [D],Democrat,"Connolly, Gerald E. ""Gerry""",gerryconnolly,VA,D
412278,KY,2,Yea,Rep. Brett Guthrie [R],Republican,Brett Guthrie R-KY,repguthrie,KY,R
412282,CT,4,Nay,Rep. James “Jim” Himes [D],Democrat,"Himes, Jim",jahimes,CT,D
412292,MO,3,Yea,Rep. Blaine Luetkemeyer [R],Republican,Blaine Luetkemeyer R-MO,repblaine,MO,R
412295,CA,5,Yea,Rep. Tom McClintock [R],Republican,"McClintock, Tom",repmcclintock,CA,R
412307,ME,1,Nay,Rep. Chellie Pingree [D],Democrat,"Pingree, Chellie",chelliepingree,ME,D
412309,FL,8,Yea,Rep. Bill Posey [R],Republican,"Posey, Bill",congbillposey,FL,R
412317,PA,15,Yea,Rep. Glenn Thompson [R],Republican,"Thompson, Glenn",congressmangt,PA,R
412318,NV,1,Nay,Rep. Dina Titus [D],Democrat,Dina Titus D-NV,repdinatitus,NV,D
412319,NY,20,Nay,Rep. Paul Tonko [D],Democrat,Paul Tonko D-NY,reppaultonko,NY,D
412331,IL,5,Nay,Rep. Mike Quigley [D],Democrat,Mike Quigley D-IL,repmikequigley,IL,D
412379,CA,28,Nay,Rep. Judy Chu [D],Democrat,"Chu, Judy",repjudychu,CA,D
412382,CA,8,Not Voting,Rep. John Garamendi [D],Democrat,"Garamendi, John",repgaramendi,CA,D
412396,AL,7,Nay,Rep. Terri Sewell [D],Democrat,"Sewell, Terri A.",repterrisewell,AL,D
412397,AZ,9,Yea,Rep. Paul Gosar [R],Republican,"Gosar, Paul ",repgosar,AZ,R
412399,AZ,1,Yea,Rep. David Schweikert [R],Republican,David Schweikert R-AZ,repdavid,AZ,R
412400,AR,1,Yea,Rep. Eric “Rick” Crawford [R],Republican,"Crawford, Rick",reprickcrawford,AR,R
412402,AR,3,Yea,Rep. Steve Womack [R],Republican,Steve Womack R-AR,rep_stevewomack,AR,R
412410,FL,11,Yea,Rep. Daniel Webster [R],Republican,Daniel Webster R-FL,repwebster,FL,R
412412,FL,24,Nay,Rep. Frederica Wilson [D],Democrat,Frederica Wilson D-FL,repwilson,FL,D
412417,GA,8,Yea,Rep. Austin Scott [R],Republican,"Scott, Austin",austinscottga08,GA,R
412427,IN,8,Yea,Rep. Larry Bucshon [R],Republican,"Bucshon, Larry",replarrybucshon,IN,R
412434,MD,1,Yea,Rep. Andy Harris [R],Republican,Andy Harris R-MD,repandyharrismd,MD,R
412435,MA,9,Nay,Rep. William R. Keating [D],Democrat,"Keating, William",usrepkeating,MA,D
412437,MI,4,Yea,Rep. Bill Huizenga [R],Republican,Bill Huizenga R-MI,rephuizenga,MI,R
412465,PA,16,Yea,Rep. Mike Kelly [R],Republican,"Kelly, Mike",mikekellypa,PA,R
412472,SC,3,Yea,Rep. Jeff Duncan [R],Republican,"Duncan, Jeff",repjeffduncan,SC,R
412476,TN,3,Yea,Rep. Charles “Chuck” Fleischmann [R],Republican,Chuck Fleischmann R-TN,repchuck,TN,R
412477,TN,4,Yea,Rep. Scott DesJarlais [R],Republican,"DesJarlais, Scott",desjarlaistn04,TN,R
412485,VA,9,Yea,Rep. Morgan Griffith [R],Republican,"Griffith, Morgan",repmgriffith,VA,R
412500,NV,2,Yea,Rep. Mark Amodei [R],Republican,"Amodei, Mark",markamodeinv2,NV,R
412501,OR,1,Nay,Rep. Suzanne Bonamici [D],Democrat,"Bonamici, Suzanne",repbonamici,OR,D
412503,KY,4,Not Voting,Rep. Thomas Massie [R],Republican,"Massie, Thomas",repthomasmassie,KY,R
412505,WA,1,Nay,Rep. Suzan DelBene [D],Democrat,"DelBene, Suzan",repdelbene,WA,D
412510,CA,1,Not Voting,Rep. Doug LaMalfa [R],Republican,Doug LaMalfa R-CA,replamalfa,CA,R
412511,CA,2,Nay,Rep. Jared Huffman [D],Democrat,"Huffman, Jared",rephuffman,CA,D
412512,CA,6,Nay,Rep. Ami Bera [D],Democrat,Ami Bera D-CA,repbera,CA,D
412514,CA,14,Nay,Rep. Eric Swalwell [D],Democrat,Eric Swalwell D-CA,repswalwell,CA,D
412515,CA,22,Yea,Rep. David Valadao [R],Republican,David Valadao R-CA,repdavidvaladao,CA,R
412516,CA,26,Nay,Rep. Julia Brownley [D],Democrat,"Brownley, Julia",repbrownley,CA,D
412517,CA,29,Nay,Rep. Tony Cárdenas [D],Democrat,"Cardenas, Tony",repcardenas,CA,D
412519,CA,25,Nay,Rep. Raul Ruiz [D],Democrat,Raul Ruiz D-CA,repraulruizmd,CA,D
412520,CA,39,Nay,Rep. Mark Takano [D],Democrat,Mark Takano D-CA,repmarktakano,CA,D
412522,CA,52,Nay,Rep. Juan Vargas [D],Democrat,Juan Vargas D-CA,repjuanvargas,CA,D
412523,CA,50,Nay,Rep. Scott Peters [D],Democrat,"Peters, Scott",repscottpeters,CA,D
412529,FL,22,Nay,Rep. Lois Frankel [D],Democrat,"Frankel, Lois",reploisfrankel,FL,D
412534,IL,10,Nay,Rep. Bradley “Brad” Schneider [D],Democrat,Brad Schneider D-IL,repschneider,IL,D
412541,KY,6,Yea,Rep. Garland “Andy” Barr [R],Republican,Andy Barr R-KY,repandybarr,KY,R
412546,MI,8,Nay,Rep. Daniel Kildee [D],Democrat,Dan Kildee D-MI,repdankildee,MI,D
412548,MO,2,Yea,Rep. Ann Wagner [R],Republican,Ann Wagner R-MO,repannwagner,MO,R
412550,NC,9,Yea,Rep. Richard Hudson [R],Republican,"Hudson, Richard",reprichhudson,NC,R
412557,NH,2,Nay,Rep. Ann Kuster [D],Democrat,Annie Kuster D-NH,repanniekuster,NH,D
412559,NV,4,Nay,Rep. Steven Horsford [D],Democrat,"Horsford, Steven",rephorsford,NV,D
412560,NY,6,Nay,Rep. Grace Meng [D],Democrat,Grace Meng D-NY,repgracemeng,NY,D
412561,NY,8,Nay,Rep. Hakeem Jeffries [D],Democrat,Hakeem Jeffries D-NY,repjeffries,NY,D
412564,OH,2,Yea,Rep. Brad Wenstrup [R],Republican,Brad Wenstrup R-OH,repbradwenstrup,OH,R
412565,OH,3,Nay,Rep. Joyce Beatty [D],Democrat,"Beatty, Joyce",repbeatty,OH,D
412566,OH,14,Yea,Rep. David Joyce [R],Republican,David Joyce R-OH,repdavejoyce,OH,R
412569,PA,10,Yea,Rep. Scott Perry [R],Republican,"Perry, Scott",repscottperry,PA,R
412571,PA,8,Nay,Rep. Matthew “Matt” Cartwright [D],Democrat,"Cartwright, Matt",repcartwright,PA,D
412574,TX,14,Yea,Rep. Randy Weber [R],Republican,"Weber, Randy",txrandy14,TX,R
412576,TX,20,Nay,Rep. Joaquin Castro [D],Democrat,"Castro, Joaquin",joaquincastrotx,TX,D
412578,TX,25,Yea,Rep. Roger Williams [R],Republican,Roger Williams R-TX,reprwilliams,TX,R
412579,TX,33,Nay,Rep. Marc Veasey [D],Democrat,Marc Veasey D-TX,repveasey,TX,D
412583,WA,6,Nay,Rep. Derek Kilmer [D],Democrat,Derek Kilmer D-WA,repderekkilmer,WA,D
412585,WI,2,Nay,Rep. Mark Pocan [D],Democrat,Mark Pocan D-WI,repmarkpocan,WI,D
412595,IL,2,Nay,Rep. Robin Kelly [D],Democrat,"Kelly, Robin",reprobinkelly,IL,D
412596,MO,8,Yea,Rep. Jason Smith [R],Republican,Jason Smith R-MO,repjasonsmith,MO,R
412600,MA,5,Nay,Rep. Katherine Clark [D],Democrat,Katherine Clark D-MA,repkclark,MA,D
412606,NJ,1,Nay,Rep. Donald Norcross [D],Democrat,"Norcross, Donald",donaldnorcross,NJ,D
412607,NC,12,Nay,Rep. Alma Adams [D],Democrat,"Adams, Alma",repadams,NC,D
412608,AL,6,Yea,Rep. Gary Palmer [R],Republican,Gary Palmer R-AL,usrepgarypalmer,AL,R
412609,AR,2,Yea,Rep. French Hill [R],Republican,French Hill R-AR,repfrenchhill,AR,R
412610,AR,4,Yea,Rep. Bruce Westerman [R],Republican,Bruce Westerman R-AR,repwesterman,AR,R
412612,AZ,3,Nay,Rep. Ruben Gallego [D],Democrat,"Gallego, Ruben",reprubengallego,AZ,D
412613,CA,10,Nay,Rep. Mark DeSaulnier [D],Democrat,"DeSaulnier, Mark",repdesaulnier,CA,D
412615,CA,33,Nay,Rep. Pete Aguilar [D],Democrat,"Aguilar, Pete",reppeteaguilar,CA,D
412616,CA,36,Nay,Rep. Ted Lieu [D],Democrat,"Lieu, Ted",reptedlieu,CA,D
412617,CA,35,Nay,Rep. Norma Torres [D],Democrat,"Torres, Norma",normajtorres,CA,D
412622,GA,1,Yea,Rep. Earl “Buddy” Carter [R],Republican,Buddy Carter R-GA,repbuddycarter,GA,R
412624,GA,11,Yea,Rep. Barry Loudermilk [R],Republican,Barry Loudermilk R-GA,reploudermilk,GA,R
412625,GA,12,Yea,Rep. Rick Allen [R],Republican,"Allen, Rick",reprickallen,GA,R
412629,IL,12,Yea,Rep. Mike Bost [R],Republican,"Bost, Mike",repbost,IL,R
412631,LA,6,Yea,Rep. Garret Graves [R],Republican,Garret Graves R-LA,repgarretgraves,LA,R
412632,MA,6,Nay,Rep. Seth Moulton [D],Democrat,"Moulton, Seth",teammoulton,MA,D
412634,MI,2,Yea,Rep. John Moolenaar [R],Republican,John Moolenaar R-MI,repmoolenaar,MI,R
412637,MI,6,Nay,Rep. Debbie Dingell [D],Democrat,Debbie Dingell D-MI,repdebdingell,MI,D
412639,MN,6,Yea,Rep. Tom Emmer [R],Republican,Tom Emmer R-MN,reptomemmer,MN,R
412640,MT,1,Yea,Rep. Ryan Zinke [R],Republican,Ryan Zinke R-MT,repryanzinke,MT,R
412641,NC,7,Yea,Rep. David Rouzer [R],Republican,David Rouzer R-NC,repdavidrouzer,NC,R
412644,NJ,12,Nay,Rep. Bonnie Watson Coleman [D],Democrat,Bonnie Coleman D-NJ,repbonnie,NJ,D
412648,NY,21,Yea,Rep. Elise Stefanik [R],Republican,Elise Stefanik R-NY,repstefanik,NY,R
412652,PA,2,Nay,Rep. Brendan Boyle [D],Democrat,"Boyle, Brendan",congboyle,PA,D
412655,TX,36,Yea,Rep. Brian Babin [R],Republican,"Babin, Brian",repbrianbabin,TX,R
412657,VA,8,Nay,Rep. Donald Beyer [D],Democrat,"Beyer, Don",repdonbeyer,VA,D
412660,WA,4,Yea,Rep. Dan Newhouse [R],Republican,Dan Newhouse R-WA,repnewhouse,WA,R
412661,WI,6,Yea,Rep. Glenn Grothman [R],Republican,Glenn Grothman R-WI,repgrothman,WI,R
412662,WV,2,Yea,Rep. Alexander Mooney [R],Republican,Alex Mooney R-WV,repalexmooney,WV,R
412673,MS,1,Yea,Rep. Trent Kelly [R],Republican,"Kelly, Trent",reptrentkelly,MS,R
412674,IL,16,Yea,Rep. Darin LaHood [R],Republican,Darin LaHood R-IL,replahood,IL,R
412675,OH,8,Yea,Rep. Warren Davidson [R],Republican,"Davidson, Warren",warrendavidson,OH,R
412676,KY,1,Yea,Rep. James Comer [R],Republican,"Comer, James",repjamescomer,KY,R
412677,PA,3,Not Voting,Rep. Dwight Evans [D],Democrat,Dwight Evans D-PA,repdwightevans,PA,D
412683,AZ,5,Nay,Rep. Andy Biggs [R],Republican,Andy Biggs R-AZ,repandybiggsaz,AZ,R
412684,CA,17,Nay,Rep. Ro Khanna [D],Democrat,"Khanna, Ro",reprokhanna,CA,D
412685,CA,19,Nay,Rep. Jimmy Panetta [D],Democrat,Jimmy Panetta D-CA,repjimmypanetta,CA,D
412686,CA,24,Nay,Rep. Salud Carbajal [D],Democrat,"Carbajal, Salud",repcarbajal,CA,D
412687,CA,44,Nay,Rep. Nanette Barragán [D],Democrat,"Barragán, Nanette",repbarragan,CA,D
412688,CA,46,Nay,Rep. Luis Correa [D],Democrat,"Correa, J. Luis",reploucorrea,CA,D
412689,DE,0,Nay,Rep. Lisa Blunt Rochester [D],Democrat,"Blunt Rochester, Lisa",replbr,DE,D
412690,FL,1,Nay,Rep. Matt Gaetz [R],Republican,"Gaetz, Matt",repmattgaetz,FL,R
412691,FL,2,Yea,Rep. Neal Dunn [R],Republican,"Dunn, Neal",drnealdunnfl2,FL,R
412692,FL,5,Yea,Rep. John Rutherford [R],Republican,John Rutherford R-FL,reprutherfordfl,FL,R
412695,FL,9,Nay,Rep. Darren Soto [D],Democrat,Darren Soto D-FL,repdarrensoto,FL,D
412698,FL,21,Not Voting,Rep. Brian Mast [R],Republican,Brian Mast R-FL,repbrianmast,FL,R
412700,GA,3,Yea,Rep. Drew Ferguson [R],Republican,Drew Ferguson R-GA,repdrewferguson,GA,R
412701,IL,8,Nay,Rep. Raja Krishnamoorthi [D],Democrat,"Krishnamoorthi, Raja",congressmanraja,IL,D
412702,IN,3,Yea,Rep. Jim Banks [R],Republican,"Banks, Jim",repjimbanks,IN,R
412705,LA,3,Yea,Rep. Clay Higgins [R],Republican,Clay Higgins R-LA,repclayhiggins,LA,R
412706,LA,4,Yea,Rep. Mike Johnson [R],Republican,Mike Johnson R-LA,repmikejohnson,LA,R
412708,MD,8,Nay,Rep. Jamie Raskin [D],Democrat,Jamie Raskin D-MD,repraskin,MD,D
412709,MI,1,Yea,Rep. Jack Bergman [R],Republican,"Bergman, Jack",repjackbergman,MI,R
412713,NE,2,Yea,Rep. Don Bacon [R],Republican,"Bacon, Don",repdonbacon,NE,R
412714,NJ,5,Nay,Rep. Josh Gottheimer [D],Democrat,"Gottheimer, Josh",repjoshg,NJ,D
412717,NY,3,Nay,Rep. Thomas Suozzi [D],Democrat,Tom Suozzi D-NY,reptomsuozzi,NY,D
412718,NY,13,Nay,Rep. Adriano Espaillat [D],Democrat,Adriano Espaillat D-NY,repespaillat,NY,D
412720,NY,24,Yea,Rep. Claudia Tenney [R],Republican,Claudia Tenney R-NY,reptenney,NY,R
412721,PA,1,Yea,Rep. Brian Fitzpatrick [R],Republican,Brian Fitzpatrick R-PA,repbrianfitz,PA,R
412722,PA,11,Yea,Rep. Lloyd Smucker [R],Republican,Lloyd Smucker R-PA,repsmucker,PA,R
412724,TN,8,Yea,Rep. David Kustoff [R],Republican,David Kustoff R-TN,repdavidkustoff,TN,R
412725,TX,34,Nay,Rep. Vicente Gonzalez [D],Democrat,"Gonzalez, Vicente",repgonzalez,TX,D
412726,TX,19,Yea,Rep. Jodey Arrington [R],Republican,"Arrington, Jodey",reparrington,TX,R
412730,WA,7,Nay,Rep. Pramila Jayapal [D],Democrat,"Jayapal, Pramila",repjayapal,WA,D
412735,KS,4,Yea,Rep. Ron Estes [R],Republican,"Estes, Ron",repronestes,KS,R
412738,SC,5,Nay,Rep. Ralph Norman [R],Republican,"Norman, Ralph",repralphnorman,SC,R
412739,CA,34,Nay,Rep. Jimmy Gomez [D],Democrat,"Gomez, Jimmy",repjimmygomez,CA,D
412740,UT,3,Yea,Rep. John Curtis [R],Republican,"Curtis, John ",repjohncurtis,UT,R
412745,AZ,8,Nay,Rep. Debbie Lesko [R],Republican,Debbie Lesko R-AZ,repdlesko,AZ,R
412746,TX,27,Yea,Rep. Michael Cloud [R],Republican,"Cloud, Michael",repcloudtx,TX,R
412747,OH,12,Yea,Rep. Troy Balderson [R],Republican,"Balderson, Troy",repbalderson,OH,R
412748,OK,1,Yea,Rep. Kevin Hern [R],Republican,"Hern, Kevin",repkevinhern,OK,R
412749,NY,25,Nay,Rep. Joseph Morelle [D],Democrat,Joe Morelle D-NY,repjoemorelle,NY,D
412750,PA,5,Nay,Rep. Mary Gay Scanlon [D],Democrat,Mary Scanlon D-PA,repmgs,PA,D
412751,PA,7,Nay,Rep. Susan Wild [D],Democrat,Susan Wild D-PA,repsusanwild,PA,D
412753,AZ,4,Nay,Rep. Greg Stanton [D],Democrat,Greg Stanton D-AZ,repgregstanton,AZ,D
412754,CA,9,Nay,Rep. Josh Harder [D],Democrat,"Harder, Josh",repjoshharder,CA,D
412758,CA,47,Nay,Rep. Katie Porter [D],Democrat,Katie Porter D-CA,repkatieporter,CA,D
412760,CA,49,Nay,Rep. Mike Levin [D],Democrat,"Levin, Mike",repmikelevin,CA,D
412761,CO,2,Nay,Rep. Joe Neguse [D],Democrat,Joe Neguse D-CO,repjoeneguse,CO,D
412762,CO,6,Nay,Rep. Jason Crow [D],Democrat,"Crow, Jason",repjasoncrow,CO,D
412763,CT,5,Nay,Rep. Jahana Hayes [D],Democrat,"Hayes, Jahana",repjahanahayes,CT,D
412764,FL,6,Yea,Rep. Michael Waltz [R],Republican,Michael Waltz R-FL,repmichaelwaltz,FL,R
412766,FL,17,Yea,Rep. Gregory Steube [R],Republican,Greg Steube R-FL,repgregsteube,FL,R
412769,GA,7,Nay,Rep. Lucy McBath [D],Democrat,Lucy McBath D-GA,replucymcbath,GA,D
412773,ID,1,Yea,Rep. Russ Fulcher [R],Republican,"Fulcher, Russ",reprussfulcher,ID,R
412774,IL,4,Nay,Rep. Jesús “Chuy” García [D],Democrat,Chuy Garcia D-IL,repchuygarcia,IL,D
412775,IL,6,Nay,Rep. Sean Casten [D],Democrat,"Casten, Sean",repcasten,IL,D
412776,IL,14,Nay,Rep. Lauren Underwood [D],Democrat,Lauren Underwood D-IL,repunderwood,IL,D
412777,IN,4,Yea,Rep. James Baird [R],Republican,"Baird, Jim",repjimbaird,IN,R
412778,IN,6,Yea,Rep. Greg Pence [R],Republican,Greg Pence R-IN,repgregpence,IN,R
412780,KS,3,Nay,Rep. Sharice Davids [D],Democrat,"Davids, Sharice",repdavids,KS,D
412781,MA,3,Nay,Rep. Lori Trahan [D],Democrat,Lori Trahan D-MA,reploritrahan,MA,D
412782,MA,7,Nay,Rep. Ayanna Pressley [D],Democrat,Ayanna Pressley D-MA,reppressley,MA,D
412783,MD,6,Nay,Rep. David Trone [D],Democrat,David Trone D-MD,repdavidtrone,MD,D
412784,MI,7,Nay,Rep. Elissa Slotkin [D],Democrat,Elissa Slotkin D-MI,repslotkin,MI,D
412786,MI,11,Nay,Rep. Haley Stevens [D],Democrat,Haley Stevens D-MI,rephaleystevens,MI,D
412787,MI,12,Nay,Rep. Rashida Tlaib [D],Democrat,Rashida Tlaib D-MI,reprashida,MI,D
412789,MN,2,Nay,Rep. Angie Craig [D],Democrat,Angie Craig D-MN,repangiecraig,MN,D
412790,MN,3,Nay,Rep. Dean Phillips [D],Democrat,Dean Phillips D-MN,repdeanphillips,MN,D
412791,MN,5,Nay,Rep. Ilhan Omar [D],Democrat,Ilhan Omar D-MN,ilhan,MN,D
412792,MN,8,Yea,Rep. Pete Stauber [R],Republican,Pete Stauber R-MN,reppetestauber,MN,R
412793,MS,3,Yea,Rep. Michael Guest [R],Republican,"Guest, Michael",repmichaelguest,MS,R
412794,ND,0,Yea,Rep. Kelly Armstrong [R],Republican,"Armstrong, Kelly",reparmstrongnd,ND,R
412795,NH,1,Nay,Rep. Chris Pappas [D],Democrat,Chris Pappas D-NH,repchrispappas,NH,D
412796,NJ,2,Yea,Rep. Jefferson Van Drew [R],Republican,"Van Drew, Jefferson",congressman_jvd,NJ,R
412797,NJ,3,Nay,Rep. Andy Kim [D],Democrat,Andy Kim D-NJ,repandykimnj,NJ,D
412799,NJ,11,Nay,Rep. Mikie Sherrill [D],Democrat,Mikie Sherrill D-NJ,repsherrill,NJ,D
412802,NV,3,Nay,Rep. Susie Lee [D],Democrat,"Lee, Susie",repsusielee,NV,D
412804,NY,14,Nay,Rep. Alexandria Ocasio-Cortez [D],Democrat,Alexandria Ocasio-Cortez D-NY,repaoc,NY,D
412809,PA,4,Nay,Rep. Madeleine Dean [D],Democrat,"Dean, Madeleine",repdean,PA,D
412810,PA,6,Nay,Rep. Chrissy Houlahan [D],Democrat,Chrissy Houlahan D-PA,rephoulahan,PA,D
412811,PA,9,Yea,Rep. Daniel Meuser [R],Republican,Dan Meuser R-PA,repmeuser,PA,R
412812,PA,13,Yea,Rep. John Joyce [R],Republican,John Joyce R-PA,repjohnjoyce,PA,R
412813,PA,14,Yea,Rep. Guy Reschenthaler [R],Republican,"Reschenthaler, Guy",greschenthaler,PA,R
412815,SC,4,Yea,Rep. William Timmons [R],Republican,"Timmons, William",reptimmons,SC,R
412816,SD,0,Yea,Rep. Dusty Johnson [R],Republican,Dusty Johnson R-SD,repdustyjohnson,SD,R
412817,TN,2,Nay,Rep. Tim Burchett [R],Republican,"Burchett, Tim",reptimburchett,TN,R
412818,TN,6,Yea,Rep. John W. Rose [R],Republican,John Rose R-TN,repjohnrose,TN,R
412819,TN,7,Yea,Rep. Mark E. Green [R],Republican,"Green, Mark",repmarkgreen,TN,R
412820,TX,2,Not Voting,Rep. Dan Crenshaw [R],Republican,"Crenshaw, Dan",repdancrenshaw,TX,R
412822,TX,5,Yea,Rep. Lance Gooden [R],Republican,"Gooden, Lance",lancegooden,TX,R
412824,TX,7,Nay,Rep. Lizzie Fletcher [D],Democrat,"Fletcher, Lizzie",repfletcher,TX,D
412825,TX,16,Nay,Rep. Veronica Escobar [D],Democrat,"Escobar, Veronica",repescobar,TX,D
412826,TX,21,Yea,Rep. Chip Roy [R],Republican,Chip Roy R-TX,repchiproy,TX,R
412827,TX,29,Nay,Rep. Sylvia Garcia [D],Democrat,"Garcia, Sylvia",repsylviagarcia,TX,D
412828,TX,32,Nay,Rep. Colin Allred [D],Democrat,"Allred, Colin",repcolinallred,TX,D
412832,VA,6,Yea,Rep. Ben Cline [R],Republican,Ben Cline R-VA,repbencline,VA,R
412833,VA,7,Nay,Rep. Abigail Spanberger [D],Democrat,Abigail Spanberger D-VA,repspanberger,VA,D
412834,VA,10,Nay,Rep. Jennifer Wexton [D],Democrat,Jennifer Wexton D-VA,repwexton,VA,D
412835,WA,8,Nay,Rep. Kim Schrier [D],Democrat,Kim Schrier D-WA,repkimschrier,WA,D
412836,WI,1,Yea,Rep. Bryan Steil [R],Republican,Bryan Steil R-WI,repbryansteil,WI,R
412837,WV,1,Yea,Rep. Carol Miller [R],Republican,Carol Miller R-WV,repcarolmiller,WV,R
412842,ME,2,Yea,Rep. Jared Golden [D],Democrat,"Golden, Jared",repgolden,ME,D
412844,NC,8,Yea,Rep. Dan Bishop [R],Republican,"Bishop, Dan",repdanbishop,NC,R
412845,NC,3,Yea,Rep. Gregory Murphy [R],Republican,Greg Murphy R-NC,repgregmurphy,NC,R
456791,WI,7,Yea,Rep. Thomas Tiffany [R],Republican,"Tiffany, Thomas ",reptiffany,WI,R
456792,CA,27,Yea,Rep. Mike Garcia [R],Republican,"Garcia, Mike",repmikegarcia,CA,R
456799,AL,1,Yea,Rep. Jerry Carl [R],Republican,"Carl, Jerry ",repjerrycarl,AL,R
456800,AL,2,Yea,Rep. Barry Moore [R],Republican,Barry Moore R-AL,repbarrymoore,AL,R
456801,CA,23,Yea,Rep. Jay Obernolte [R],Republican,Jay Obernolte R-CA,jayobernolte,CA,R
456802,CA,40,Yea,Rep. Young Kim [R],Republican,"Kim, Young",repyoungkim,CA,R
456803,CA,45,Yea,Rep. Michelle Steel [R],Republican,Michelle Steel R-CA,repsteel,CA,R
456804,CA,51,Nay,Rep. Sara Jacobs [D],Democrat,"Jacobs, Sara",repsarajacobs,CA,D
456805,CO,3,Yea,Rep. Lauren Boebert [R],Republican,"Boebert, Lauren",repboebert,CO,R
456806,FL,3,Yea,Rep. Katherine “Kat” Cammack [R],Republican,"Cammack, Kat",repkatcammack,FL,R
456807,FL,18,Yea,Rep. Scott Franklin [R],Republican,"Franklin, C. Scott",repfranklin,FL,R
456808,FL,19,Yea,Rep. Byron Donalds [R],Republican,Byron Donalds R-FL,repdonaldspress,FL,R
456809,FL,28,Yea,Rep. Carlos Gimenez [R],Republican,Carlos Gimenez R-FL,repcarlos,FL,R
456810,FL,27,Yea,Rep. Maria Salazar [R],Republican,Maria Salazar R-FL,repmariasalazar,FL,R
456811,GA,5,Nay,Rep. Nikema Williams [D],Democrat,Nikema Williams D-GA,repnikema,GA,D
456813,GA,9,Nay,Rep. Andrew Clyde [R],Republican,"Clyde, Andrew ",rep_clyde,GA,R
456814,GA,14,Yea,Rep. Marjorie Taylor Greene [R],Republican,"Greene, Marjorie Taylor",repmtg,GA,R
456816,IA,2,Yea,Rep. Ashley Hinson [R],Republican,Ashley Hinson R-IA,repashleyhinson,IA,R
456817,IA,1,Yea,Rep. Mariannette Miller-Meeks [R],Republican,Mariannette Miller-Meeks R-IA,repmmm,IA,R
456818,IA,4,Yea,Rep. Randy Feenstra [R],Republican,"Feenstra, Randy",repfeenstra,IA,R
456820,IL,15,Yea,Rep. Mary Miller [R],Republican,,,,
456821,IN,1,Nay,Rep. Frank Mrvan [D],Democrat,Frank Mrvan D-IN,repmrvan,IN,D
456822,IN,5,Yea,Rep. Victoria Spartz [R],Republican,"Spartz, Victoria",repspartz,IN,R
456823,KS,1,Yea,Rep. Tracey Mann [R],Republican,"Mann, Tracey",repmann,KS,R
456824,KS,2,Not Voting,Rep. Jacob “Jake” LaTurner [R],Republican,Jake LaTurner R-KS,replaturner,KS,R
456825,MA,4,Nay,Rep. Jake Auchincloss [D],Democrat,"Auchincloss, Jake",repauchincloss,MA,D
456827,MI,9,Yea,Rep. Lisa McClain [R],Republican,Lisa McClain R-MI,replisamcclain,MI,R
456828,MN,7,Yea,Rep. Michelle Fischbach [R],Republican,"Fischbach, Michelle",repfischbach,MN,R
456829,MO,1,Nay,Rep. Cori Bush [D],Democrat,"Bush, Cori",repcori,MO,D
456830,MT,2,Nay,Rep. Matthew Rosendale [R],Republican,Matt Rosendale R-MT,reprosendale,MT,R
456831,NC,2,Nay,Rep. Deborah Ross [D],Democrat,Deborah Ross D-NC,repdeborahross,NC,D
456832,NC,6,Nay,Rep. Kathy Manning [D],Democrat,Kathy Manning D-NC,repkmanning,NC,D
456835,NM,3,Nay,Rep. Teresa Leger Fernandez [D],Democrat,,,,
456836,NY,2,Yea,Rep. Andrew Garbarino [R],Republican,Andrew Garbarino R-NY,repgarbarino,NY,R
456837,NY,11,Yea,Rep. Nicole Malliotakis [R],Republican,"Malliotakis, Nicole",repmalliotakis,NY,R
456838,NY,15,Nay,Rep. Ritchie Torres [D],Democrat,Ritchie Torres D-NY,repritchie,NY,D
456839,NY,16,Nay,Rep. Jamaal Bowman [D],Democrat,"Bowman, Jamaal",repbowman,NY,D
456841,OK,5,Yea,Rep. Stephanie Bice [R],Republican,"Bice, Stephanie",repbice,OK,R
456842,OR,2,Yea,Rep. Cliff Bentz [R],Republican,"Bentz, Cliff",repbentz,OR,R
456843,SC,1,Yea,Rep. Nancy Mace [R],Republican,"Mace, Nancy",repnancymace,SC,R
456844,TN,1,Yea,Rep. Diana Harshbarger [R],Republican,Diana Harshbarger R-TN,repharshbarger,TN,R
456845,TX,4,Yea,Rep. Patrick “Pat” Fallon [R],Republican,"Fallon, Pat",reppatfallon,TX,R
456846,TX,11,Yea,Rep. August Pfluger [R],Republican,August Pfluger R-TX,reppfluger,TX,R
456847,TX,13,Yea,Rep. Ronny Jackson [R],Republican,"Jackson, Ronny",repronnyjackson,TX,R
456848,TX,22,Yea,Rep. Troy Nehls [R],Republican,"Nehls, Troy",reptroynehls,TX,R
456849,TX,23,Yea,Rep. Ernest “Tony” Gonzales [R],Republican,"Gonzales, Tony",reptonygonzales,TX,R
456850,TX,24,Yea,Rep. Beth Van Duyne [R],Republican,Beth Van Duyne R-TX,repbethvanduyne,TX,R
456851,UT,1,Yea,Rep. Blake Moore [R],Republican,Blake Moore R-UT,repblakemoore,UT,R
456852,UT,4,Yea,Rep. Clarence “Burgess” Owens [R],Republican,Burgess Owens R-UT,repburgessowens,UT,R
456853,VA,5,Nay,Rep. Robert “Bob” Good [R],Republican,Bob Good R-VA,repbobgood,VA,R
456854,WA,10,Nay,Rep. Marilyn Strickland [D],Democrat,Marilyn Strickland D-WA,repstricklandwa,WA,D
456855,WI,5,Yea,Rep. Scott Fitzgerald [R],Republican,"Fitzgerald, Scott",repfitzgerald,WI,R
456859,LA,5,Yea,Rep. Julia Letlow [R],Republican,"Letlow, Julia",repjulialetlow,LA,R
456860,LA,2,Nay,Rep. Troy Carter [D],Democrat,"Carter, Troy",reptroycarter,LA,D
456861,NM,1,Nay,Rep. Melanie Stansbury [D],Democrat,"Stansbury, Melanie ",rep_stansbury,NM,D
456862,TX,6,Yea,Rep. Jake Ellzey [R],Republican,"Ellzey, Jake",repellzey,TX,R
456863,OH,11,Nay,Rep. Shontel Brown [D],Democrat,"Brown, Sherrod",sensherrodbrown,OH,D
456864,OH,15,Yea,Rep. Mike Carey [R],Republican,"Carey, Mike",repmikecarey,OH,R
456865,FL,20,Nay,Rep. Sheila Cherfilus-McCormick [D],Democrat,"Cherfilus-McCormick, Sheila",congresswomansc,FL,D
456868,NE,1,Yea,Rep. Mike Flood [R],Republican,"Flood, Mike",usrepmikeflood,NE,R
456869,MN,1,Yea,Rep. Brad Finstad [R],Republican,"Finstad, Brad",repfinstad,MN,R
456870,AK,0,Not Voting,Rep. Mary Peltola [D],Democrat,"Peltola, Mary",rep_peltola,AK,D
456871,NY,18,Nay,Rep. Patrick Ryan [D],Democrat,"Ryan, Pat",reppatryanny,NY,D
456873,IN,2,Yea,Rep. Rudy Yakym [R],Republican,"Yakym, Rudy",reprudyyakym,IN,R
456878,AL,5,Yea,Rep. Dale Strong [R],Republican,"Strong, Dale",repdalestrong,AL,R
456879,AZ,2,Nay,Rep. Eli Crane [R],Republican,"Crane, Elijah",repelicrane,AZ,R
456880,AZ,6,Yea,Rep. Juan Ciscomani [R],Republican,"Ciscomani, Juan",repciscomani,AZ,R
456881,CA,3,Yea,Rep. Kevin Kiley [R],Republican,"Kiley, Kevin",repkiley,CA,R
456882,CA,13,Yea,Rep. John Duarte [R],Republican,"Duarte, John",repduarteca13,CA,R
456883,CA,15,Nay,Rep. Kevin Mullin [D],Democrat,"Mullin, Kevin",repkevinmullin,CA,D
456884,CA,37,Nay,Rep. Sydney Kamlager-Dove [D],Democrat,"Kamlager-Dove, Sydney",repkamlagerdove,CA,D
456885,CA,42,Nay,Rep. Robert Julio Garcia [D],Democrat,"Garcia, Robert",reprobertgarcia,CA,D
456886,CO,7,Nay,Rep. Brittany Pettersen [D],Democrat,"Pettersen, Brittany",reppettersen,CO,D
456887,CO,8,Nay,Rep. Yadira Caraveo [D],Democrat,"Caraveo, Yadira",repcaraveomd,CO,D
456888,FL,4,Yea,Rep. Aaron Bean [R],Republican,"Bean, Aaron",repaaronbean,FL,R
456889,FL,7,Yea,Rep. Cory Mills [R],Republican,"Mills, Cory",repmillspress,FL,R
456890,FL,10,Nay,Rep. Maxwell Frost [D],Democrat,"Frost, Maxwell",repmaxwellfrost,FL,D
456891,FL,13,Yea,Rep. Anna Paulina Luna [R],Republican,"Luna, Anna Paulina",repluna,FL,R
456892,FL,15,Not Voting,Rep. Laurel Lee [R],Republican,"Lee, Laurel",replaurellee,FL,R
456893,FL,23,Not Voting,Rep. Jared Moskowitz [D],Democrat,"Moskowitz, Jared",repmoskowitz,FL,D
456894,GA,6,Yea,Rep. Rich McCormick [R],Republican,"McCormick, Richard",repmccormick,GA,R
456895,GA,10,Yea,Rep. Mike Collins [R],Republican,"Collins, Mike",repmikecollins,GA,R
456897,HI,2,Nay,Rep. Jill Tokuda [D],Democrat,"Tokuda, Jill",repjilltokuda,HI,D
456898,IA,3,Yea,Rep. Zachary (Zach) Nunn [R],Republican,"Nunn, Zachary",zachnunn,IA,R
456899,IL,1,Nay,Rep. Jonathan Jackson [D],Democrat,"Jackson, Jonathan",rep_jackson,IL,D
456900,IL,3,Nay,Rep. Delia Ramirez [D],Democrat,"Ramirez, Delia",repdeliaramirez,IL,D
456901,IL,13,Nay,Rep. Nicole (Nikki) Budzinski [D],Democrat,"Budzinski, Nikki",repnikkib,IL,D
456902,IL,17,Nay,Rep. Eric Sorensen [D],Democrat,"Sorensen, Eric",repericsorensen,IL,D
456903,IN,9,Yea,Rep. Erin Houchin [R],Republican,"Houchin, Erin",rephouchin,IN,R
456904,KY,3,Nay,Rep. Morgan McGarvey [D],Democrat,"McGarvey, Morgan",repmcgarvey,KY,D
456905,MD,4,Nay,Rep. Glenn Ivey [D],Democrat,"Ivey, Glenn",repglennivey,MD,D
456906,MI,3,Nay,Rep. Hillary Scholten [D],Democrat,"Scholten, Hillary",repscholten,MI,D
456907,MI,10,Yea,Rep. John James [R],Republican,"James, John",repjames,MI,R
456908,MI,13,Nay,Rep. Shri Thanedar [D],Democrat,"Thanedar, Shri",repshrithanedar,MI,D
456909,MO,4,Yea,Rep. Mark Alford [R],Republican,"Alford, Mark",repmarkalford,MO,R
456910,MO,7,Yea,Rep. Eric Burlison [R],Republican,"Burlison, Eric",repericburlison,MO,R
456911,MS,4,Yea,Rep. Mike Ezell [R],Republican,"Ezell, Mike",repezell,MS,R
456912,NC,1,Yea,Rep. Donald Davis [D],Democrat,"Davis, Donald",repdondavis,NC,D
456913,NC,4,Nay,Rep. Valerie Foushee [D],Democrat,"Foushee, Valerie",valeriefoushee,NC,D
456914,NC,11,Yea,Rep. Charles (Chuck) Edwards [R],Republican,,,,
456915,NC,13,Nay,Rep. Wiley Nickel [D],Democrat,"Nickel, Wiley",repwileynickel,NC,D
456916,NC,14,Nay,Rep. Jeffrey Jackson [D],Democrat,"Jackson, Jeff",repjeffjackson,NC,D
456917,NJ,7,Yea,Rep. Thomas Kean [R],Republican,"Kean, Thomas",congressmankean,NJ,R
456918,NJ,8,Nay,Rep. Robert Jacobsen Menendez [D],Democrat,"Menendez, Bob",senatormenendez,NJ,D
456919,NM,2,Nay,Rep. Gabriel (Gabe) Vasquez [D],Democrat,"Vasquez, Gabe",repgabevasquez,NM,D
456920,NY,1,Yea,Rep. Nicolas LaLota [R],Republican,"LaLota, Nick",replalota,NY,R
456922,NY,4,Yea,Rep. Anthony D'Esposito [R],Republican,"D'Esposito, Anthony",repdesposito,NY,R
456923,NY,10,Nay,Rep. Dan Goldman [D],Democrat,"Goldman, Daniel",repdangoldman,NY,D
456924,NY,17,Yea,Rep. Michael Lawler [R],Republican,"Lawler, Michael",repmikelawler,NY,R
456925,NY,19,Yea,Rep. Marcus Molinaro [R],Republican,"Molinaro, Marcus",repmolinarony19,NY,R
456926,NY,22,Yea,Rep. Brandon Williams [R],Republican,"Williams, Brandon",repwilliams,NY,R
456927,NY,23,Yea,Rep. Nicholas Langworthy [R],Republican,"Langworthy, Nicholas",replangworthy,NY,R
456928,OH,1,Nay,Rep. Greg Landsman [D],Democrat,"Landsman, Greg",repgreglandsman,OH,D
456929,OH,7,Yea,Rep. Max Miller [R],Republican,"Miller, Max",repmaxmiller,OH,R
456930,OH,13,Nay,Rep. Emilia Sykes [D],Democrat,"Sykes, Emilia",repemiliasykes,OH,D
456931,OK,2,Yea,Rep. Josh Brecheen [R],Republican,"Brecheen, Josh",repbrecheen,OK,R
456932,OR,4,Nay,Rep. Valerie Hoyle [D],Democrat,"Hoyle, Val",repvalhoyle,OR,D
456933,OR,5,Yea,Rep. Lori Chavez-DeRemer [R],Republican,"Chavez-DeRemer, Lori",replcd,OR,R
456934,OR,6,Nay,Rep. Andrea Salinas [D],Democrat,"Salinas, Andrea",repsalinas,OR,D
456935,PA,12,Nay,Rep. Summer Lee [D],Democrat,"Lee, Summer",repsummerlee,PA,D
456936,PA,17,Nay,Rep. Chris Deluzio [D],Democrat,"Deluzio, Christopher",repdeluzio,PA,D
456937,RI,2,Nay,Rep. Seth Magaziner [D],Democrat,"Magaziner, Seth",rep_magaziner,RI,D
456938,SC,7,Yea,Rep. Russell Fry [R],Republican,"Fry, Russell",reprussellfry,SC,R
456939,TN,5,Yea,Rep. Andrew Ogles [R],Republican,"Ogles, Andrew",repogles,TN,R
456940,TX,1,Yea,Rep. Nathaniel Moran [R],Republican,"Moran, Nathaniel",repnatemoran,TX,R
456941,TX,3,Nay,Rep. Keith Self [R],Republican,"Self, Keith",repkeithself,TX,R
456942,TX,8,Yea,Rep. Morgan Luttrell [R],Republican,"Luttrell, Morgan",repluttrell,TX,R
456943,TX,15,Yea,Rep. Mónica De La Cruz [R],Republican,"Cruz, Ted",sentedcruz,TX,R
456944,TX,30,Nay,Rep. Jasmine Crockett [D],Democrat,"Crockett, Jasmine",repjasmine,TX,D
456945,TX,35,Nay,Rep. Gregorio Casar [D],Democrat,"Casar, Greg",repcasar,TX,D
456946,TX,38,Yea,Rep. Wesley Hunt [R],Republican,,,,
456947,VA,2,Yea,Rep. Jennifer Kiggans [R],Republican,"Kiggans, Jennifer",repjenkiggans,VA,R
456948,VT,0,Nay,Rep. Becca Balint [D],Democrat,"Balint, Becca",repbeccab,VT,D
456949,WA,3,Yea,Rep. Marie Gluesenkamp Perez [D],Democrat,"Perez, Marie",repmgp,WA,D
456950,WI,3,Yea,Rep. Derrick Van Orden [R],Republican,"Van Orden, Derrick",repvanorden,WI,R
456951,WY,0,Yea,Rep. Harriet Hageman [R],Republican,"Hageman, Harriet",rephageman,WY,R
456953,VA,4,Nay,Rep. Jennifer McClellan [D],Democrat,"McClellan, Jennifer",repmcclellan,VA,D
456955,RI,1,Nay,Rep. Gabe Amo [D],Democrat,,,,
456956,UT,2,Yea,Rep. Celeste Maloy [R],Republican,,,,
456957,NY,26,Nay,Rep. Timothy Kennedy [D],Democrat,,,,
456958,CA,20,Yea,Rep. Vince Fong [R],Republican,,,,
456959,OH,6,Yea,Rep. Michael Rulli [R],Republican,,,,
456960,CO,4,Yea,Rep. Greg Lopez [R],Republican,,,,
